,Unnamed: 0,Unnamed: 0.1,Time,Name,Tweet_status,Text,Length,Location,polarity,subjectivity
0,0,0,09-09-19 10:11,pun_naughtyy,Retweet,Space hard commend attempt land #Chandrayaan mission Moon South Pole inspired us journey look forward future opportunities explore solar system together,21,Delhi,negative,0.3333333333333333
1,1,1,09-09-19 10:11,ajeet0910,Retweet,Vikram spotted one piece come #ISRO entire country waiting #ISROSpotsVikram,10,"New Delhi, India",positive,0.625
2,2,2,09-09-19 10:11,murali772,Retweet,Meaningful words Nothing failure scientific experiments Failure one expected perform Hope future concentrate science experiments Hats #ISRO everyone made valuable experiment possible,22,Bangalore,negative,0.4375
3,3,3,09-09-19 10:11,kansalsubodh,Retweet,Vikram lander broken Sigh hope Let keep fingers crossed #ISROSpotsVikram #ISRO,11,New Delhi,negative,0.4
4,4,4,09-09-19 10:11,urjagan,Retweet,#Vikram single piece tilted position official Read #ISRO #isromissions #Chandrayaan #ISROSpotsVikram,11,"Rajahmundry, India",negative,0.21428571428571427
5,5,5,09-09-19 10:11,vikasraina,Retweet,take journalist accreditation back prosecute selling classified information,8,,positive,0.0
6,6,6,09-09-19 10:11,Abhay73g,Retweet,#BREAKING #ISRO #ISROSpotsVikram,3,India,positive,0.0
7,7,7,09-09-19 10:11,ANWESH5PATI,Retweet,#ISRO locates Vikram lander intact tilted lunar surface #VikramLanderFound #Chandrayaan,10,Earth,positive,0.0
8,8,8,09-09-19 10:11,BargaliPramod,Tweet,Jai Hind,2,"New Delhi, India",positive,0.0
9,9,9,09-09-19 10:11,puru2012,Retweet,ISRO #Chandrayaan #Chandrayaan #ISRO #ISROMission #VikramLander #ProudOfISRO,7,,positive,0.0
10,10,12,09-09-19 10:11,ShamChavan13,Tweet,sir sir,2,,positive,0.0
11,11,14,09-09-19 10:11,Gaurav473001,Tweet,#chandrayan #ISRO #proudisro #proudindian #india #gauravg prajapati #studytap,8,,positive,0.0
12,12,19,09-09-19 10:11,me_rakhi28,Retweet,# #ISRO,2,Bhubaneswar Odisha,positive,0.0
13,13,22,09-09-19 10:11,DrRPTripathi1,Retweet,Congratulations team #ISRO incredible work Chandrayaan Moon Mission passion amp dedication inspiration every Indian work vain laid foundation many path breaking amp ambitious Indian space missions,26,,positive,0.7166666666666667
14,14,24,09-09-19 10:11,SomDagadghate,Retweet,Dear Vikram Please Respond looking deliver Happiness without charge #VikramLanderFound #ISRO #ISROSpotsVikram,12,Maharashtra Aurangabad,positive,0.2
15,15,25,09-09-19 10:11,DailyTrendingN1,Tweet,#VikramLander #vikramPragyanLandsMoon #IndiaOnTheMoon #ISRO,4,"Rajasthan, India",positive,0.0
16,16,31,09-09-19 10:11,sanatanivivek,Retweet,# PAK #ISROSpotsVikram #ISRO #IsroPerGarvHai #ISROzindabad,6,"‡§¨‡§ø‡§≤‡§æ‡§∏‡§™‡•Å‡§∞, Hindustan",positive,0.0
17,17,33,09-09-19 10:11,worshipami,Retweet,Rough breaking #VikramLander ends Fine braking phase starts #Chandrayaan #ISRO,10,Lalitpur,positive,0.45
18,18,34,09-09-19 10:11,coolshu97,Retweet,Another Big News Vikram Spotted one piece come #ISRO Entire country Waiting #ISROSpotsVikram,13,"Patna, India",positive,0.3625
19,19,36,09-09-19 10:11,vijyendrajadon,Retweet,#Chandaryaan mission #ISRO,3,‡§µ‡§ø‡§¶‡§ø‡§∂‡§æ,positive,0.0
20,20,37,09-09-19 10:11,worshipami,Retweet,Powered descent Rough Braking #VikramLander begins #ISRO,7,Lalitpur,negative,0.4
21,21,38,09-09-19 10:11,RohitJogpal,Retweet,Many seem sharing image claiming #Chandrayaan #LanderVikram Lunar surface Well Apollo lunar landing site #VikramLander site #VikramLanderFound #vikramPragyanLandsMoon #Chandrayaan #IsroPerGarvHai #ISRO,21,,positive,0.5
22,22,40,09-09-19 10:11,Janakiram_STPI,Retweet,BREAKING NEWS #Chandrayaan #Vikramlander located Moon #ISRO,7,"Hyderabad, India",positive,0.0
23,23,43,09-09-19 10:12,PHulchul,Tweet,ISRO #VikramLander #vikramPragyanLandsMoon #IndiaOnTheMoon #ISRO,5,,positive,0.0
24,24,44,09-09-19 10:12,worshipami,Retweet,live Twitter Facebook Youtube Join us #VikramLander begins descent minutes #ISRO,11,Lalitpur,positive,0.5
25,25,46,09-09-19 10:12,Aj451098,Retweet,Rakesh Sharma India looked space said Saare Jahan se Achcha Hindustan Humara get us moon farther galaxies amp shall say pride Salute efforts #ISRO Jai Hind #Chandrayaan,27,"Mumbai,India",positive,0.0
26,26,47,09-09-19 10:12,GoswamiMeenaks1,Retweet,#ISROSpotsVikram #ISRO,2,"Delhi, India",positive,0.0
27,27,52,09-09-19 10:12,SoulTweety,Retweet,Looks like way left communicate #VikramLander #VikramLanderFound #ISRO,8,Gujarat ;INDIA ,positive,0.0
28,28,53,09-09-19 10:12,diwakersharma21,Retweet,Sorry dear Indians Pakistanis feel ashamed someone like #FawadChaudhary Science Technology Minister wish #ISRO best space endeavors truly incredible job Good wishes Pakistan,23,"New Delhi, India",positive,0.7000000000000001
29,29,59,09-09-19 10:12,GNaraya33023093,Retweet,#VikramLanderFound #NDTVFrauds #mondaythoughts #PranayRoy says #PallavBagla done great service #ISRO amp Indian science guy even know basics #Chandrayaan asking Dr Sivan many astronauts India going b sent Chandranyan,28,chennai,positive,0.625
30,30,61,09-09-19 10:12,ARUNSIVA1,Retweet,#BREAKING #ISRO #Chandrayaan #VikramLanderFound,4,"Trichy,Tamil Nadu",positive,0.0
31,31,64,09-09-19 10:12,DSraay,Retweet,Beautiful gives goosebumps,3,Bharat,positive,1.0
32,32,65,09-09-19 10:12,Shivkum65701086,Tweet,#ISRO,1,,positive,0.0
33,33,70,09-09-19 10:12,tarakbhattacha2,Retweet,#IndiaTodayInsight #ISRO time pause many eight major missions planned next decade including sending probes Sun Mars Venus Chandrayaan return moon #IndiaTodayMagazine,21,"Kolkata, India",positive,0.3333333333333333
34,34,71,09-09-19 10:12,iwastarzan,Tweet,ISRO Hello #VikramLanding ISRO Lander ISRO Please respond Lander #ISRO Mitro Lander main modi bol rha hun #VikramLanderFound,18,,positive,0.3333333333333333
35,35,73,09-09-19 10:12,tellypyaar,Retweet,#Breaking lander single piece broken pieces tilted position #ISRO official associated mission claimed #Chandrayaan #VikramLander #ISROweareproudofyou #ISROSpotsVikram #IndiaWithISRO,18,,negative,0.3071428571428572
36,36,74,09-09-19 10:12,aksinhaster,Retweet,Vikram Lander Located ISRO confirms lander safe attempts made establish communication Live #ISRO #Vikramlander #chandrayaan,15,India,positive,0.5
37,37,76,09-09-19 10:12,RahulKu32890545,Tweet,allow journalist take photos scientists thought ISRO campus high security area allowing close photos scientists amp revealing identities #ISRO putting harm way #ISROSpotsVikram #IsroPerGarvHai #IsroScientists,25,"Kolkata, India",positive,0.5399999999999999
38,38,77,09-09-19 10:12,prvn108_,Retweet,ISRO #ISRO #Scientists #Salary #NarendraModi #BJP #Chandrayaan # # #,10,SUPAUL PATNA BIHAR,positive,0.0
39,39,79,09-09-19 10:12,VashistIshwar02,Retweet,# #ISRO C #ProudToBeIndian,4,India,positive,0.0
40,40,80,09-09-19 10:12,granbuselvan2,Retweet,# #ProudOfISRO #ISRO #Sivan #Chandrayaan,5,"Kattankulathur, India",positive,0.0
41,41,81,09-09-19 10:12,SanjeeTripathi,Retweet,Bharatvarsh extremely proud #ISRO confident take Giant Leaps Space Technology Mission Moon Chandrayaan Mars Orbiter Mission Mangalayaan Observatory Space Astrosat #ISROMissions,21,gwalior (M.P.),positive,0.9444444444444444
42,42,87,09-09-19 10:12,manoj894mahar,Retweet,#NASA lauded India historic #Chandrayaan mission saying #ISRO attempt soft land Vikram module lunar South Pole inspired,17,uttarkashi,positive,0.175
43,43,88,09-09-19 10:12,sanjayranjan,Retweet,Insulting ISRO scientists halfhearted apology NDTV journo Pallava Bagla needs banned #chandrayaan #ISRO #PallavaBagla via,15,,negative,1.0
44,44,94,09-09-19 10:12,avblnb,Retweet,nothing like failure science experiment amp gain Massive respect scientists #ISRO worked relentlessly days amp nights nation proud Jai Hind #Chandrayan,21,Bangalore,positive,0.7666666666666666
45,45,102,09-09-19 10:12,MANISHK90336236,Retweet,ISRO #ISRO #LanderVikram,3,sd card,positive,0.0
46,46,103,09-09-19 10:12,ravi8759398736,Retweet,Chandrayan science emotion #ISROSpotsVikram #ISRO #IndiaOnTheMoon,6,"Bengaluru South, India",positive,0.0
47,47,116,09-09-19 10:12,vikaaschopra,Retweet,journlist talked #ISRO spokesperson derogatory manner submitted pics ISRO scientists Getty images According Getty rules person submitting pics must written permission owner without permission,24,,positive,0.0
48,48,118,09-09-19 10:12,riazshq2020,Retweet,Jab Deepak Ch tiya jaise astronaut hai toh #ISRO time paas kyu kar raha hai Modia wale hi bata denge chaand mei pani hai ya nahi,26,,positive,0.0
49,49,121,09-09-19 10:12,WeMedia_Content,Tweet,lander single piece broken pieces tilted position #ISRO official associated mission claimed #Chandrayaan #VikramLander #ISROweareproudofyou #ISROSpotsVikram #IndiaWithISRO #ISROweareproudofyou #IsroPerGarvHai,19,"Pune, India",negative,0.3071428571428572
50,50,128,09-09-19 10:12,ViralVaishnav2,Retweet,#ISRO may huge annual budget like space agencies brilliant minds working hard make India space power timeline various milestones,19,New Delhi,positive,0.7354166666666666
51,51,131,09-09-19 10:12,PrettyNaz_,Retweet,ISRO Vikram Lander ISRO Please respond Lander ISRO Hello Lander ISRO Chowkidar Lander Chor hai #ISRO #VikramLander,17,"New Delhi, India",positive,0.0
52,52,133,09-09-19 10:12,fighter_isha,Retweet,officially confirmed chairman personal account social media #Isro,8,,positive,0.4555555555555556
53,53,134,09-09-19 10:12,GoswamiMeenaks1,Retweet,#PKMKB #PKMKBForever #Pakistan #ProudOfISRO #ProudIndian #ISRO #ISROweareproudofyou #IsroPerGarvHai #IsroPerGarvHai #Chandrayaan #Chandrayaan #JaiHind,12,"Delhi, India",positive,0.0
54,54,140,09-09-19 10:13,VijayKu82319421,Retweet,Chandryaan ISRO #Chandrayaan #ISRO #VikramLander,5,Gangapur City India,positive,0.0
55,55,145,09-09-19 10:13,Majhie_Mee_Dhan,Tweet,beautiful mesmerising Bharat Mata ki Jai #JaiHind #ISROweareproudofyou #ISRO #ISROSpotsVikram,10,Varshu Heart Forever,positive,1.0
56,56,148,09-09-19 10:13,rkpandeyguruji7,Retweet,#ISRO ISRO,2,India,positive,0.0
57,57,150,09-09-19 10:13,SanjayA32520675,Retweet,Vs #SoniyaGandhi #ISRO #kshivan #Chandrayan #mondaythoughts,6,,positive,0.0
58,58,156,09-09-19 10:13,ashok_chalana,Retweet,#Pakistan #astronaut congratulates #ISRO #Chandrayaan,5,üíôof punjab ,positive,0.0
59,59,157,09-09-19 10:13,bouquet1416,Retweet,#ISRO #ProudOfYouISRO #,3,,positive,0.0
60,60,162,09-09-19 10:13,LegendNewsin,Tweet,Lander Vikram #LanderVikramissafe #isro #ISROSpotsVikram Legend News,7,India,positive,0.0
61,61,163,09-09-19 10:13,THE_BHAGATSINGH,Retweet,PM #NarendraModi #Haryana #BJP #Chandrayan #ISRO #Vote #Election # # #,11,‡§ï‡•ç‡§∞‡§æ‡§Ç‡§§‡§ø‡§ï‡§æ‡§∞‡§ø‡§Ø‡•ã ‡§ï‡§æ ‡§¶‡§ø‡§≤,positive,0.0
62,62,167,09-09-19 10:13,gdsingh99,Retweet,#ISRO Exchange Notes #Israel SpaceIL Investigate Communication Loss #Chandrayaan Vikram Lander something common occurred Chandrayaan amp Beresheet landing operations going awry scientists reports,23,new delhi,negative,0.5
63,63,168,09-09-19 10:13,ap7am,Tweet,#ap #ISRO #VikramLander #Chandrayaan,4,"Hyderabad, Telangana",positive,0.0
64,64,170,09-09-19 10:13,rbavinash,Retweet,Doctors go save lives patient shameful rough element society ready attack even kill doctors Well shameful silence authorities brutal attacks #Doctor #ISRO #Chandrayan,23,"Varanasi, India",negative,0.6333333333333333
65,65,177,09-09-19 10:13,AdShivamsharma,Retweet,#Banswara #Rajasthan #Chandrayaan #Isro #PriyankaChaudhary # # # # #,10,"(‡§Ö‡§≤‡•Ä‡§ó‡§¢‡§º)‡§®‡§à ‡§¶‡§ø‡§≤‡•ç‡§≤‡•Ä,‡§≠‡§æ‡§∞‡§§",positive,0.0
66,66,178,09-09-19 10:13,usha_kaul,Retweet,PM Modi besides PM also Minister charge Department Space Pl inform idiots clutching straws trying find faults exemplary leadership #ISRO #Chandrayaan #IsroPerGarvHai #MODIfied,23,,negative,0.8
67,67,182,09-09-19 10:13,being_an_ANUP,Retweet,United Arab Emirates Space UAE Agency assure full support #ISRO following loss contact spacecraft #Chandrayaan land moon India proved strategic player space sector amp partner development amp achievements,28,,positive,0.325
68,68,183,09-09-19 10:13,Viswav12,Retweet,account Twitter ISRO chairman K Sivan told,7,,positive,0.0
69,69,184,09-09-19 10:13,SaiFilm_Studio,Tweet,latest studio Daily Thanks #isro #ramjethmalani,6,"‡§µ‡§ø‡§∞‡§æ‡§∞ ‡§™‡§∂‡•ç‡§ö‡§ø‡§Æ, ‡§Æ‡•Å‡§Ç‡§¨‡§à",positive,0.3666666666666667
70,70,185,09-09-19 10:13,caashujha,Retweet,Good News ISRO Vikram module located lunar surface healthy safe functioning normally intended orbit around moon According ISRO Breakage #VikramLandersafe #ISRO #ISROSpotsVikram #IndiaOnTheMoon,23,"New Delhi, India",positive,0.5625
71,71,187,09-09-19 10:13,Rajeev63Rk,Retweet,#ISROChief #ISRO #NASA #ISROweareproudofyou,4,India,positive,0.0
72,72,189,09-09-19 10:13,Janakiram_STPI,Retweet,#ISRO scientists gearing historic moment India moon lander #Vikram touches lunar surface tomorrow morning #Chandrayaan,15,"Hyderabad, India",positive,0.0
73,73,190,09-09-19 10:13,ramanabgunuri11,Retweet,#VikramLander found one piece #ISRO says making efforts establish link #moonlander #ISROSpotsVikram,12,,positive,0.0
74,74,191,09-09-19 10:13,nikhilrar029,Tweet,#ISRO #Chandrayaan #ISROSpotsVikram,3,,positive,0.0
75,75,194,09-09-19 10:13,kamachisreen,Retweet,Hello Vikram Talk us Come Brilliant #ISRO Ab bolo Aur trend karvana hai failed failed waale trends #vikramPragyanLandsMoon #VikramLanderfound,19,"KUALA LUMPUR, MALAYSIA",negative,0.5333333333333333
76,76,203,09-09-19 10:13,DocpuneeT,Retweet,Breaking Vikram lander safe attempts made establish connection ISRO #ISRO #chandrayaan #vikramlander #VikramisSafe,13,"Mohali, India",positive,0.5
77,77,215,09-09-19 10:13,Gopalrana03,Tweet,#ISRO #ISROSpotsVikram,2,"Noida, India",positive,0.0
78,78,217,09-09-19 10:13,YashArdesana,Retweet,ISRO Vikram Lander ISRO Please respond Vikram Lander ISRO Hello Vikram Lander ISRO Jinhe mera dil luteya Vikram Lander Oho Dude WTF #isro #isrorocks #VikramLander #India,26,"Gujarat, India",negative,1.0
79,79,220,09-09-19 10:13,lionoflostworld,Tweet,#isro #VikramLanderFound #vikramPragyanLandsMoon #goodnews #BREAKING,5,"South Pole, Moon ",positive,0.0
80,80,221,09-09-19 10:14,PunjabKesariCom,Tweet,#Chandrayaan #ISRO #KSivan #Landervikram #Moon,5,"New Delhi, India",positive,0.0
81,81,222,09-09-19 10:14,NextWarri0r,Retweet,letter #VikramLander copy Prime Minister ji chief #KSivan ji scientists #ISRO fellow Indians world Please retweet much actually reaches Jai Ho Jai Hind #Chandrayaan,24,Earth,positive,0.1
82,82,226,09-09-19 10:14,Reflex_Tim,Tweet,ISRO Vikram Lander ISRO Common Buddy Please respond Lander ISRO Saton Janam Tere Main Sath Rahunga Yar Lander Mar Bhi Gaya Main Tujhe Karta Rahunga Pyar #ISROSpotsVikram #ISROweareproudofyou #isro Plz Vikram Plz,32,,positive,0.3888888888888888
83,83,231,09-09-19 10:14,KishanRJat2,Retweet,#VikramLander #ISRO #Chandrayaan #IndiaWithISRO,4,"‡§Æ‡§π‡§æ‡§∞‡§æ‡§∑‡•ç‡§ü‡•ç‡§∞, ‡§≠‡§æ‡§∞‡§§",positive,0.0
84,84,234,09-09-19 10:14,vipul2777,Tweet,Tilt Karke bajaj scooters bhi start ho jaata hai Chill maaro sab #VikramLander communicate soon #vikramPragyanLandsMoon #VikramLanderFound #IsroPerGarvHai #ISRO #Chandrayaan,20,next to electric socket ,positive,0.0
85,85,235,09-09-19 10:14,kaushalmodi,Retweet,#Chandrayaan mission highly complex mission represented significant technological leap compared previous missions #ISRO explore unexplored south pole Moon updates please visit,21,"Hillsborough, NC",negative,0.4805555555555556
86,86,240,09-09-19 10:14,ShivangKrish,Retweet,Tedha hai par mera hai #Vikram tilted intact #ISRO,9,,positive,0.0
87,87,242,09-09-19 10:14,HardikPandya228,Tweet,#VikramLanderFound #ISRO #ISROSpotsVikram,3,India,positive,0.0
88,88,243,09-09-19 10:14,rbavinash,Retweet,NASA wants work #ISRO explore Solar System Inspired #Chandrayan mission NASA seeks joint Solar System exploration NASA knows complex Chandrayan appreciation real testimony huge success first attempt,27,"Varanasi, India",positive,0.33888888888888896
89,89,247,09-09-19 10:14,madhancsea57,Retweet,Sona college Contributor key technology Chandrayan launch vehicle #chandrayan #isro #sonaspeed #sonatech #scientist #chandrayaan Read,15,"Salem, India",positive,1.0
90,90,256,09-09-19 10:14,VarthaBharatiEn,Tweet,Lander Vikram single piece tilted position #ISRO Official,8,India,negative,0.21428571428571427
91,91,258,09-09-19 10:14,HaqParastPak,Tweet,#Suparco Head Major General Amer Nadeem lumber Army ex #ISRO Head chairmain Dr Kailasavadivoo Sivan Space Scientist difference,18,"Karachi, Pakistan",positive,0.5
92,92,259,09-09-19 10:14,anandhan81,Retweet,Sabotage #VikramLander Completely Safe Source #ISRO #ISROSpotsVikram,7,,positive,0.5
93,93,260,09-09-19 10:14,mishrs_a,Retweet,NASA #ISRO,2,,positive,0.0
94,94,261,09-09-19 10:14,SDK_2pointO,Retweet,#ThinkPositive #Vikram #ISRO,3,"Chennai, India",positive,0.0
95,95,262,09-09-19 10:14,VivekRFdez,Retweet,science writer covered govt anti science current one Nothing PM incl insincere photo op hug changes badly govt hurt scientific temperament India eg #ISRO,24,,negative,0.5333333333333333
96,96,263,09-09-19 10:14,9uruSin9h,Retweet,#ISRO yes amp,3,New Delhi,positive,0.0
97,97,264,09-09-19 10:14,abhi_desh_mukh,Tweet,#ISROSpotsVikram #ISROweareproudofyou #ISRO #Chandrayaan,4,Kolhapur,positive,0.0
98,98,267,09-09-19 10:14,isha0203,Tweet,Chandrayaan Vikram lander lying titled position surface moon one piece official Indian Space Research Organisation said amid efforts space agency establish communication #ISRO,23,"Thane, India",positive,0.0
99,99,269,09-09-19 10:14,DrAruneshSing1,Retweet,Analysis #Chandrayaan #Chandrayaan #ISRO #ISROMission #VikramLander #ProudOfISRO,7, AMETHI ( U.P.),positive,0.0
100,100,270,09-09-19 10:14,Bharathaasthe,Retweet,#VikramLander made hard landing Moon surface amp standing tilted one piece amp damage Lander #ISRO trying communicate Lander #Chandrayaan #ISROSpotsVikram,20,Bangalore,negative,0.5416666666666666
101,101,275,09-09-19 10:14,ipliscsk,Retweet,#ISRO #Chandrayaan,2,"Indore, India",positive,0.0
102,102,277,09-09-19 10:14,ankit_sps,Retweet,# # # #IndiaOnTheMoon #IsroPerGarvHai #VikramLanderFound #ISRO #Chandrayan #ISRO,9,,positive,0.0
103,103,278,09-09-19 10:14,ajeet0910,Retweet,best yet come #ISRO #ISROSpotsVikram,5,"New Delhi, India",positive,0.3
104,104,284,09-09-19 10:14,MiniK_Singh,Tweet,Aww innocuous tweet wish Vikram responds,6,‡§ß‡§∞‡§§‡•Ä ‡§™‡•á ‡§π‡•Ä ‡§π‡•Ç‡§Å‡•§,positive,0.9
105,105,289,09-09-19 10:14,NidhiSi22101,Retweet,Ch Ch ya #WorthlessPakistan #PKMKB #PakistanTheSlaveofIndia #ISRO #VikramLander #ProudOfISRO #ProudIndia #Chandrayaan,11,"Uttar Pradesh, India",positive,0.0
106,106,297,09-09-19 10:15,ians_india,Tweet,Indian Space Research Organisation #ISRO clarified September Chairman #KSivan personal account #socialmedia Photo IANS,14,New Delhi,positive,0.3
107,107,298,09-09-19 10:15,ishan13428910,Retweet,#BREAKING #ISRO,2,,positive,0.0
108,108,301,09-09-19 10:15,373AnilYadav_SP,Retweet,#isro #chandrayaan,2,Ghazipur,positive,0.0
109,109,302,09-09-19 10:15,KalingaSon,Tweet,meantime #NASA #ISRO IRSO amp NASA EXPLORE SOLAR SYSTEM Original Research ID Records #Chandrayaan,14,"Bhubaneshwar, India",positive,0.75
110,110,303,09-09-19 10:15,its_Aruhi,Retweet,#ISRO #ProudOfISRO #Chandrayaan #IsroPerGarvHai #IndiaWithISRO,5,,positive,0.0
111,111,307,09-09-19 10:15,PKJillu,Retweet,Dear Vikram Please Please Respond Entire Nation Waiting #VikramLanderFound #ISRO #ISROSpotsVikram,11,"Dharmapuri, India",positive,0.625
112,112,314,09-09-19 10:15,AajKaMowgli,Retweet,failed attempt conquer #MountEverest #SirEdmundHillary said come amp conquer U mountain U grow human Rest history #ProudOfISRO #ISROweareproudofyou #ISRO #ISROMissions #IsroPerGarvHai #isropargarvhai,22,Forest Of Amazon,negative,0.2
113,113,316,09-09-19 10:15,samrath19sam,Retweet,Vikram Lander crashed means #ISROSpotsVikram #VikramLanderFound #ISRO #Vikram,8,India,positive,0.0
114,114,318,09-09-19 10:15,AkashSi56293712,Retweet,#Chandrayaan #VikramLander single piece despite hard landing #ISRO sources,9,"Lucknow, India",negative,0.3779761904761905
115,115,319,09-09-19 10:15,Ravikir97796124,Retweet,proud ISRO #ISRO #Chandrayaan,4,"Hyderabad, India",positive,1.0
116,116,325,09-09-19 10:15,Sara_Aashiaana,Tweet,Bolo Vikram JaiHind,3,"Coimbatore, India",positive,0.0
117,117,330,09-09-19 10:15,IndianPapaJi,Retweet,Maine Kaha Tha Ek Bar Fir Kaih raha Hu #ISROweareproudofyou #ISRO #KSivan #BharatCyberSoldiers,13,,positive,0.0
118,118,333,09-09-19 10:15,cgschand,Retweet,Foreign satellites launched #ISRO U Canada U K Germany Singapore Korea Belgium Algeria Israel Italy Japan Austria France Indonesia Switzerland Finland Netherlands #Till Nov List complete #IsroPerGarvHai,27,,negative,0.2625
119,119,334,09-09-19 10:15,jannatemalik,Retweet,#ISRO #IsroPerGarvHai #ISROSpotsVikram #Vikramlandersafe,4,‡§∏‡§æ‡§Ç‡§§‡§µ‡•á ‡§Ü‡§∏‡§Æ‡§æ‡§® ‡§™‡§∞ ,positive,0.0
120,120,338,09-09-19 10:15,Lalitkumar1964,Tweet,Bhai vah,2,"Himatnagar, India",positive,0.0
121,121,341,09-09-19 10:15,popatraokadam,Retweet,# #MoonMission #ISRO #IndiaMakesHistory #Chandrayaan #Chandrayaan Landing #VikramLander,8,"Mulund East, Mumbai",positive,0.0
122,122,345,09-09-19 10:15,Capoglou,Tweet,Show us photos finally waiting lot misinformation going around #Chandrayaan state #VikramLander,12,My permanent address is the Future,positive,1.0
123,123,347,09-09-19 10:15,popatraokadam,Retweet,# #MoonMission #ISRO #IndiaMakesHistory #Chandrayaan #Chandrayaan theMoon,7,"Mulund East, Mumbai",positive,0.0
124,124,360,09-09-19 10:15,Bhavesh_NP23,Tweet,#ISRO #LanderVikram #Chandrayan #ISRO #IndiaOnTheMoon #india,6,"Navsari, India",positive,0.0
125,125,366,09-09-19 10:16,83ideas,Tweet,Chandrayaan remembered step back take giant leap ahead Nothing deter ISRO capability image enforce extraordinary #Chandrayaan #ISRO #IndiaTouchesMoon #GiantLeep,19,"Mohali, India",positive,0.6666666666666666
126,126,371,09-09-19 10:16,ArambamAttam,Retweet,Crore Million Million Billion Crore Billion Crore Billion Billion First get urself admitted primary school amp learn basic mathematics discuss Space Science amp Technology day #InternationalLiteracyDay #ISRO #Chandrayan,28,,positive,0.3194444444444444
127,127,374,09-09-19 10:16,aka_royal,Tweet,respect privacy disturb wake inform us #IsroPerGarvHai #IsroScientists #isro #ISROSpotsVikram #vikramPragyanLandsMoon,11,india,positive,0.0
128,128,379,09-09-19 10:16,RanjanJaiswal39,Retweet,#ISRO #ISRO,2,Mumbai,positive,0.0
129,129,380,09-09-19 10:16,TarakRindani,Retweet,ISRO sighted #Vikram moon lander lost contact km touchdown Yes located lander Lunar surface must hard landing #ISRO Chief K Sivan,21,Global Citizen,negative,0.5416666666666666
130,130,381,09-09-19 10:16,vsomu07,Retweet,#NASA appreciates #ISRO effort #Chandrayaan,5,,positive,0.0
131,131,389,09-09-19 10:16,bandre_vicky,Retweet,#Chandrayan #ISRO #ProudIndian amp #ProudOfISRO # #JaiHind,7,Moghali,positive,0.0
132,132,398,09-09-19 10:16,SriRamya21,Tweet,Vekkakedu know well Rahulgandhi parikhar us Congress means kamaraj vallabai Patel Italian kumbhal Sad appreciated days back cleanse hands,19,,negative,0.275
133,133,403,09-09-19 10:16,Dattagosavi9,Tweet,Vikram taking long rest travelled lot sure respond #VikramLander #Chandrayaan #ISROweareproudofyou #isro,12,"Mumbai, India",positive,0.6444444444444444
134,134,404,09-09-19 10:16,Krish89081755,Tweet,damage vikram lander #ISROweareproudofyou #ISRO #VikramLanderFound,6,,positive,0.0
135,135,406,09-09-19 10:16,ChanakyaNiti6,Tweet,#BREAKING #ISRO # #ISROSpotsVikram,4,United States of Rajputana‚öîüö©,positive,0.0
136,136,414,09-09-19 10:16,VPanchamukhi,Retweet,#ISRO meaning #inspiration #IsroPerGarvHai #ISROSpotsVikram #VikramLanderFound,6,"Bengaluru, India",positive,0.0
137,137,417,09-09-19 10:16,ProudyMuslim,Tweet,waiting moment #ISRO get connected #VikramLander start receiving data pertinent feel jealousy #Pakistan India done next yrs,17,Kashmir,positive,0.0
138,138,419,09-09-19 10:16,VIJAYGATHALA77,Retweet,Proud everyone #ISRO team Setbacks part journey without success whole nation stands believes,13,shahpura jaipur rajasthan,positive,0.4666666666666666
139,139,422,09-09-19 10:16,Amarjeetj24,Retweet,# #ISRO #VikramSarabhai #abdulkalam #KSivan,5,"Kadegaon, Sangli #Maharashtra ",positive,0.0
140,140,427,09-09-19 10:16,tweetofkt,Retweet,#ISRO #Vikram,2,‡§™‡•ç‡§∞‡§Ø‡§æ‡§ó‡§∞‡§æ‡§ú,positive,0.0
141,141,428,09-09-19 10:16,popatraokadam,Retweet,#Chandrayaan #ISRO,2,"Mulund East, Mumbai",positive,0.0
142,142,439,09-09-19 10:16,popatraokadam,Retweet,#Chandrayaan # #ISRO,3,"Mulund East, Mumbai",positive,0.0
143,143,440,09-09-19 10:16,buddhaphoton,Retweet,Looks like basically confirms earlier speculation #VikramLander lander one piece flat landing legs,13,Universal,negative,0.3125
144,144,441,09-09-19 10:16,pranaymohan1,Retweet,#Chandrayaan #VikramLander location found confirms #ISRO chief K Sivan,9,"Ranchi, Jharkhand",positive,0.0
145,145,442,09-09-19 10:16,Itz_idiot_54,Retweet,one close South Pole #ISRO,5,Zimbabwe,positive,0.0
146,146,443,09-09-19 10:16,HeenaDesai17,Retweet,times social media brags strengths successes important teach next gen weaknesses failures learn defeat really lost Proud #ISRO,18,,positive,0.4533333333333333
147,147,444,09-09-19 10:16,manuVirodhi,Tweet,#ISRO #Vikram #RozgarNahiToSarkarNahi,3,India,positive,0.0
148,148,451,09-09-19 10:17,kishkindha,Tweet,#ISRO update #VikramLander lying lunar surface hard landing broken pieces single piece rover Pragyan housed inside Efforts try establish communication lander #vikramPragyanLandsMoon,22,New Delhi,negative,0.3853174603174603
149,149,459,09-09-19 10:17,AccessKalpna,Retweet,think hug heart broken chairman group hug billion plus people fine gesture needed criticise politicise even deny transcendental moments country unite one #ISRO,23,"Beverly Hills, Irvine, CA USA.",positive,0.45
150,150,462,09-09-19 10:17,agk4444,Tweet,Social media accounts ISRO Chairman name fake ISRO #Social #ISROChairman #ISRO #socialnewsxyz,12,"Liverpool, NY",negative,0.37777777777777777
151,151,471,09-09-19 10:17,ishan_mahajan4,Retweet,work culture scientific organization like #ISRO could badly affected given cameras today proud every little thing becoming news unwanted pressure Science uncertainty results high general public expectation,27,Pune/Indore,positive,0.589047619047619
152,152,473,09-09-19 10:17,MRaj2012,Retweet,many astronauts carrying #Chandrayaan finest amp experienced #PallavBagla lack basic human etiquettes primary school kid would ask better question #ISRO Chief Criticize NDTV misdeeds lynch mob amp victim,28,Delhi NCR,positive,0.3821428571428571
153,153,480,09-09-19 10:17,rays_Chow,Tweet,update signal #Chandrayan #isro,4,,positive,0.0
154,154,483,09-09-19 10:17,SenkottaiSriram,Tweet,#isro #Chandrayaan #ISRO Vikram #ISROSpotsVikram,5,Chennai,positive,0.0
155,155,489,09-09-19 10:17,NidhiSi22101,Retweet,feeling whole nation #IsroPerGarvHai #ISROweareproudofyou #ISRO,6,"Uttar Pradesh, India",positive,0.4
156,156,491,09-09-19 10:17,NidhiSi22101,Retweet,Bhakts u moron #PallavaBagla misbehave Modiji anyone BJP RSS misbehaved great #ISRO scientists Whole nation relating Bhakts u r proving Modi Bhakts r real Bhakts India #IsroPerGarvHai,27,"Uttar Pradesh, India",positive,0.6125
157,157,493,09-09-19 10:17,bouquet1416,Retweet,Hahahaaaa Paracetamol bohut badi cheez hai Ek payjama ke nadey ke siway Ek sui tak nahi banayi hai Swagat nahi karoge inse Aise Mahan mulq ko,26,,positive,0.0
158,158,494,09-09-19 10:17,diep_parikh,Retweet,#BigBreaking #ISRO #VikramLander #IndiaOnTheMoon #Moonmission #Chandrayaan #LanderVikram #Vikram #vikramPragyanLandsMoon,9,India,positive,0.0
159,159,500,09-09-19 10:17,sunil28474739,Retweet,#ISRO #lander,2,,positive,0.0
160,160,507,09-09-19 10:17,GouravBansal92,Tweet,#JaiHind #ISRO #ISROweareproudofyou #VikramLanderFound,4,"Suratgarh, India",positive,0.0
161,161,512,09-09-19 10:17,TechMagnetIN,Tweet,Within days #ISROChief K Sivan become national hero great looks rich background controversy man pure knowledge Fo think Padhne Se Kya Hoga Ye Hoga Let appreciate hero #ISROSpotsVikram #ISROweareproudofyou #ISRO,30,India,positive,0.6666666666666666
162,162,515,09-09-19 10:18,Sundri78215685,Retweet,first country land southern pole moon Big Congratulations team #isro Hope communicate Vikram Lander soon #VikramLanderFound,16, India,positive,0.14444444444444446
163,163,517,09-09-19 10:18,NidhiSi22101,Retweet,#ISRO #ISROMissions,2,"Uttar Pradesh, India",positive,0.0
164,164,521,09-09-19 10:18,IamAasima,Retweet,#Chandrayan Lander located moon surface says #ISRO Chief,8,,positive,0.0
165,165,524,09-09-19 10:18,anujattris,Tweet,Jai hind,2,"Greater Noida, India",positive,0.0
166,166,525,09-09-19 10:18,JustAnIntovert,Tweet,Come #ISRO #VikramLanderFound #ISROSpotsVikram,4,India ,positive,0.0
167,167,530,09-09-19 10:18,rahul_ekbote,Tweet,true really sad ironical One one hand u #ISRO chief spearhead fabulous scientific achievement u let go hold religion ur mind,21,,positive,0.8833333333333333
168,168,537,09-09-19 10:18,aatmanjal,Tweet,guy innocent sounds dig little deeper find different others fact better taqqiya,12,#KhanditBhaarat,positive,0.575
169,169,541,09-09-19 10:18,myfirstsatellit,Retweet,Chandrayaan Plans Indo Japan lunar mission Chandrayaan mission launch another lunar journey offing around bring soil rock samples back South Pole Moon #ISRO #JAXA,24,Spaceship Earth,positive,0.0
170,170,546,09-09-19 10:18,NidhiSi22101,Retweet,ISRO #Proud #ISRO,3,"Uttar Pradesh, India",positive,1.0
171,171,552,09-09-19 10:18,analyst_web,Retweet,Chandrayaan live updates Chandrayaan Vikram safe amp ISRO trying everything establish link #ISROSpotsVikram #VikramLander #VikramLanding #ISRO #IsroPerGarvHai #ISROweareproudofyou #Chandrayaan #Chandrayan #KSivan #vikramLanderfound,22,"Shalimar Bagh, New Delhi",positive,0.5
172,172,555,09-09-19 10:18,UmeshanandS,Retweet,ISRO #Great proud #ISRO,4,,positive,0.875
173,173,558,09-09-19 10:18,MohdIsrailKha10,Retweet,#Chandrayaan #vikramPragyanLandsMoon #ISRO,3,Bhopal,positive,0.0
174,174,559,09-09-19 10:18,KalingaSon,Tweet,meantime #NASA #ISRO ISRO amp NASA EXPLORE SOLAR SYSTEM Original Research ID Records #Chandrayaan,14,"Bhubaneshwar, India",positive,0.75
175,175,560,09-09-19 10:18,SaumyadeepDas4,Retweet,Amazing Achievements India first country find water Moon World Record launching Satellites together countries like US UK Germany etc One top countries Navigation System #ISRO #IsroPerGarvHai,26,‡§≠‡§æ‡§∞‡§§,positive,0.5777777777777778
176,176,561,09-09-19 10:18,PatocoLa,Retweet,#Chandrayan #Moonmission #IndiaWithISRO #ISRO #IsroPerGarvHai #orbiter,6,India,positive,0.0
177,177,564,09-09-19 10:18,NewsIndiaGlobal,Tweet,Chandrayaan #ISROweareproudofyou #IsroPerGarvHai #ISRO #vikramPragyanLandsMoon #VikramFound #Chandrayaan,7,,positive,0.0
178,178,567,09-09-19 10:18,BloodFisherman,Tweet,# # #Ockhi #Nov #fisherman #fisheries #isro,7,,positive,0.0
179,179,568,09-09-19 10:18,IamAasima,Retweet,tremendous pressure awam #Pakistan #FawadChaudhary #PTI Government decided give fitting reply #ISRO,12,,positive,0.75
180,180,571,09-09-19 10:18,speakmind08,Retweet,#ISRO worried scary Pic Journalist #PallavBagla selling inside pics ISRO agency Pic systemic killing scientists uncommon,16,,positive,1.0
181,181,572,09-09-19 10:18,ShekhNagme,Retweet,#Chandrayaan #ISRO #IndiaFailed,3,Kanpur,positive,0.0
182,182,575,09-09-19 10:18,RapidLeaksIndia,Tweet,#ISRO #Chandrayan,2,India,positive,0.0
183,183,577,09-09-19 10:18,hindirush,Tweet,#HindiRush #Moon #Lunar #Chandrayan #VikramLander #PragyanRovar #Isro,7,"Mumbai, India",positive,0.0
184,184,581,09-09-19 10:18,HarariyaSaurabh,Retweet,heartbreaking story India space programme one triumph disappointments amp adversity especially tech denial regimes space offers infinite opportunities Knowing #ISRO shall overcome #Chandrayaan #KSivan,24,,positive,0.5
185,185,589,09-09-19 10:18,TirupatiPoojari,Retweet,#VikramLander,1,karnataka bangalur,positive,0.0
186,186,595,09-09-19 10:19,FanSangli,Retweet,Sometimes land arrive destination want important thing took Hope Belief current situation never final destination always comes time belief Proud #ISRO,21,Sangli Mharashtra ,positive,0.85
187,187,608,09-09-19 10:19,IamAasima,Retweet,#IndianPrimeMinister #Narendramodi hugged consoled #ISRO chief K Shivan Shivan broke #Chandrayan missed goal narrowly patriotism best #ProudIndian,17,,positive,0.35
188,188,614,09-09-19 10:19,dnandann,Tweet,Nothing world binary,3,"New Delhi, India",positive,0.0
189,189,617,09-09-19 10:19,Sundri78215685,Retweet,#ISRO #NASA #Chandrayan #ISROweareproudofyou #MondayMotivation,5, India,positive,0.0
190,190,618,09-09-19 10:19,karishma_merry,Retweet,#Chandrayaan Orbiter sent thermal image #VikramLander identifying exact location Moon says #ISRO Chairman #KSivan found exact location #VikramLander #vikramlanderlandsmoon,19,,positive,0.25
191,191,620,09-09-19 10:19,Sagar92P,Tweet,Vikram come,2,,positive,0.0
192,192,627,09-09-19 10:19,varunrvarry,Tweet,EPIC BRO,2,India,positive,0.4
193,193,628,09-09-19 10:19,JagranPost,Tweet,losing hope continues make efforts establish link #Chandrayaan Vikram lander #ISRO #VikramLander,12,"New Delhi, India",positive,0.0
194,194,633,09-09-19 10:19,Zvezdichko,Tweet,would best #ISRO releases photograph #Vikram lander talk intact #Moon,10,Bulgaria,positive,0.3
195,195,647,09-09-19 10:19,SatyashilRai,Retweet,#ISROweareproudofyou #IsrospotsVikram,2,"New Delhi, India",positive,0.0
196,196,648,09-09-19 10:19,MraviKu01564029,Tweet,software #ISRO #Narendramodijee,3,,positive,0.0
197,197,649,09-09-19 10:19,rahulbajajj,Retweet,First Image #VikramLander orbiter post landing surface moon Scientists trying best communicate Hope succeed mission Jai Hind #VikramPragyanLandsMoon #VikramLanderFound #Chandrayan #ISRO,21,Delhi,positive,0.31666666666666665
198,198,653,09-09-19 10:19,SAMRAT_universe,Tweet,Really heart touching #isro,4,,positive,0.35
199,199,660,09-09-19 10:19,VinodKharb3,Retweet,#ISRO #Chandrayaan #VikramLander,3,"Panipat, India",positive,0.0
200,200,665,09-09-19 10:19,AshishK_BJP,Tweet,ISRO #IsroPerGarvHai #ISROSpotsVikram #ISROweareproudofyou #ISRO,5,,positive,0.0
201,201,669,09-09-19 10:20,sonal72322843,Retweet,Moon km failed km thats margin Even failure foundation new beginnings Kudos Scientists #ISRO #Chandrayan #SaturdayMotivation #ProudOfISRO #Sivan #ProudIndian #Moonmission #scientists,21,,negative,0.3515151515151515
202,202,680,09-09-19 10:20,BiharNaya,Tweet,#nayabihar #chandrayaan #isro #vikramlander,4,Bihar,positive,0.0
203,203,681,09-09-19 10:20,guwahatiplus,Tweet,Chandrayaan Vikram lander presently lying moon surface tilted position hard landing #ISRO officials trying best restore contact #Chandrayaan #ISROSpotsVikram,19,Guwahati,positive,0.2805555555555555
204,204,692,09-09-19 10:20,Roco48557357,Retweet,Dear #Vikram U r nt alone Crore prayers n blessings r wid U Pls respond ur parents V al lov U amp wnt hear frm U tht U love us U r nt jst Science U r emotions amp imp part lives n hearts Wid Much Love n blessings Entire #India #ISRO #IsroPerGarvHai,53,India New Delhi,positive,0.6083333333333333
205,205,697,09-09-19 10:20,dinubunny24,Retweet,joins nation stand behind #ISRO #vikramPragyanLandsMoon #VikramLander #Vikram #ISROweareproudofyou,9,Vishakhapatnam,negative,0.7
206,206,699,09-09-19 10:20,PanditSwapnilH,Retweet,#ISRO UPA #CBI,3,"Dahanu, India",positive,0.0
207,207,705,09-09-19 10:20,ridhi_bose,Tweet,#ISRO #ProudOfISRO #,3,üáÆüá≥üáÆüá≥‡§≠‡§æ‡§∞‡§§ üáÆüá≥üáÆüá≥,positive,0.0
208,208,713,09-09-19 10:20,TransformingHi1,Tweet,#ISROSpotsVikram Vikram betal jokes obsolete generation needs vikram lander jokes #vikramlander #isro #chnadrayaan,13,On Earth ,positive,0.0
209,209,716,09-09-19 10:20,thatwatcher,Retweet,lol thought strong policy evidences proving Modi govt anyi science went thread found Modi govt merged HIV treatment Ayush Modi govt trying patent cow urine according things anti science,29,,positive,0.5333333333333333
210,210,717,09-09-19 10:20,jannatemalik,Retweet,#JaiHind #ISRO #ISROweareproudofyou #vikramlander #PKMKB,5,‡§∏‡§æ‡§Ç‡§§‡§µ‡•á ‡§Ü‡§∏‡§Æ‡§æ‡§® ‡§™‡§∞ ,positive,0.0
211,211,719,09-09-19 10:20,Shiv_Linga,Tweet,Ps love bhai,3,,positive,0.6
212,212,724,09-09-19 10:20,t_iliyas,Retweet,#ISRO #Chandrayaan #Inspiring,3,tamilnadu,positive,1.0
213,213,725,09-09-19 10:20,Latestup_,Tweet,# # #Chandrayaan #isro,4,"Bengaluru South, India",positive,0.0
214,214,729,09-09-19 10:20,vetriii,Retweet,#ISRO #Sivan,2,"Tiruppur, India",positive,0.0
215,215,735,09-09-19 10:20,ShanuKumarVerm2,Retweet,#ISRO #Chandrayaan ISRO,3,"üíìüíìLucknow, Indiaüíìüíì",positive,0.0
216,216,736,09-09-19 10:20,Srajliwalbjp,Tweet,#BREAKING #ISRO # #ISROSpotsVikram #ISROweareproudofyou #sivanprideofindia #ind #IndiaOnTheMoon #vikramPragyanLandsMoon #VikramLanderFound #MODIfied #IsroPerGarvHai #ISRO,13,"Najafgarh, New Delhi",positive,0.0
217,217,737,09-09-19 10:20,Subhankar050780,Retweet,said morning masters directed insult #ISRO chief look defend uncouth scum master,12,"Hindustan, India",negative,0.4
218,218,738,09-09-19 10:20,BT_India,Tweet,#Chandrayaan #ISRO reaps rich dividends orbiter performance,7,India,positive,0.75
219,219,745,09-09-19 10:21,bhasaby,Tweet,students work hard yrs become scientists arts graduates claim know abt science bec write science,15,,negative,0.5416666666666666
220,220,757,09-09-19 10:21,awesomerks,Retweet,Hmm ISRO budget cr cr cr Modi anti science becoz science writer,12,,positive,0.0
221,221,764,09-09-19 10:21,MohdIsrailKha10,Retweet,#ISRO #Chandrayaan theMoon #Chandrayaan #VikramLander #ISROMissions #ISRO,7,Bhopal,positive,0.0
222,222,766,09-09-19 10:21,mahitrao,Tweet,Yha har kaam tashali baksh kiya jata hai aur pura kiya jata h #ISROSpotsVikram #VikramLanderFound #isro #IndiaOnTheMoon,17,Gurgaon,positive,0.0
223,223,773,09-09-19 10:21,thatsTamil,Tweet,#ISROSpotsVikram #chandrayaan #isro #science # # #,7,India,positive,0.0
224,224,774,09-09-19 10:21,MohdIsrailKha10,Retweet,#ISRO #Chandrayaan #Chandrayaan Landing,4,Bhopal,positive,0.0
225,225,775,09-09-19 10:21,RamenSingha18,Tweet,Thank,1,India,positive,0.0
226,226,778,09-09-19 10:21,BeingHitasha,Retweet,India known creating miracles #ISROSpotsVikram Proud #ISROscientist #Chandrayaan,8,,positive,1.0
227,227,780,09-09-19 10:21,apnlivehindi,Tweet,ISRO #ISRO #KSivan,3,"A-9, SEC-68 , NOIDA (UP)",positive,0.0
228,228,782,09-09-19 10:21,cancimmuno,Retweet,eagerly,1,"Lucknow, India",positive,0.0
229,229,786,09-09-19 10:21,sapnakhatri_16,Retweet,km #ISRO #,3,"Himachal Pradesh, India",positive,0.0
230,230,787,09-09-19 10:21,ahmad_leme,Tweet,ISRO Vikram Lander ISRO Please respond Lander ISRO Hello Lander ISRO Hiiii Lander Bf #VikramLanderFound #ISRO #LanderVikram,17,India,positive,0.0
231,231,789,09-09-19 10:21,AsifGafoora,Tweet,Please respond us buddy waiting,5,Pakistan occupied islamabad,positive,0.0
232,232,790,09-09-19 10:21,sapnakhatri_16,Retweet,USA Attempts Russia Attempts amp China Attempts #India First Attempt Successful Proud #ISRO Scientists #ProudOfISRO #IsroPerGarvHai,16,"Himachal Pradesh, India",positive,0.7611111111111111
233,233,791,09-09-19 10:21,AashiqueSahab,Tweet,yesterday #VikramLander located Orbitor today news hard landing remains tilted position broken pieces shaa Allah #ISROSpotsVikram #vikramPragyanLandsMoon #ProudOfISRO #ISRO #IndiaMakesHistory,20,üáÆüá≥,negative,0.4708333333333333
234,234,797,09-09-19 10:21,muhitreza,Tweet,intention expel #Hindu ppl #ISRO illegals entire country amp Assam lakh Hindus,12,World,positive,0.625
235,235,798,09-09-19 10:21,NDas89282348,Retweet,ISRO #ISROweareproudofyou #ISRO #IndiaOnTheMoon #ISROChief #VikramLander #vikramPragyanLandsMoon,7,,positive,0.0
236,236,806,09-09-19 10:21,Satheeshamin,Retweet,stunning fallout capturing pictures Women Scientists amp selling Getty Image #PallavaBagla #ISRO #KSivan #Chandrayaan #NDTVWithPakistan #IndiaWithISRO #VikramLander Pics Getty contributed Disgraceful man,22,Bharat,positive,1.0
237,237,825,09-09-19 10:22,MohdIsrailKha10,Retweet,#Chandrayan #VikramLander #ISRO #ProudOfISRO #ISROMissions #Chandrayaan theMoon,7,Bhopal,positive,0.0
238,238,828,09-09-19 10:22,kumarshivendram,Retweet,Fingers crossed #IndiaOnTheMoon Location #VikramLander lunar surface found communication yet Orbiter clicked thermal image #ISRO #Chandrayan,16,"New Delhi, India",positive,0.0
239,239,841,09-09-19 10:22,Gautam93218373,Retweet,#Retweet # #MondayMotivation #mondaythoughts #ISROweareproudofyou #ISRO #USOpen #ISROSpotsVikram #LaxmiBomb #AkshayKumar #akshaykumarbirthday #VikramLanderFound,12,India,positive,0.0
240,240,844,09-09-19 10:22,KainPradeep,Retweet,please take fake handle tweeting ISRO official update misleading,9,NCR,negative,1.0
241,241,845,09-09-19 10:22,EexpressN,Tweet,ISRO #ISRO #ISRORecruitment #ISROJobRecruitment #JobVacancyinIsro #ISROJobs #jobseekers #JobVacancy #GovernmentJobs #,10,,positive,0.0
242,242,846,09-09-19 10:22,Narinde07675112,Retweet,Mission Control Centre #VikramLander descent planned normal performance observed altitude km Subsequently communication Lander ground stations lost Data analyzed #ISRO,20,,positive,0.35
243,243,848,09-09-19 10:22,bijendra125,Retweet,#ISRO #DRDO #BhabhaAutomicResearchCenter,3,India,positive,0.0
244,244,849,09-09-19 10:22,AashiqueSahab,Tweet,soom connected #VikramLander shaa Allah,5,üáÆüá≥,positive,0.0
245,245,852,09-09-19 10:22,rtirumalaraju,Tweet,good news Hoping #ISRO would establish connectivity Vikram soon,9,"Hyderabad, India",positive,0.6000000000000001
246,246,859,09-09-19 10:22,Sfg46767094,Retweet,#ISRO salute caliber dedication courage made us proud,8,,positive,1.0
247,247,863,09-09-19 10:22,Sameeksha_Yoga,Tweet,#ISROSpotsVikram #ISROweareproudofyou #IsroPerGarvHai,3,Channapatana,positive,0.0
248,248,871,09-09-19 10:22,vegmanmcr,Retweet,#HappyBirthdayAkahayKumar #Metooindia #ISRO #Kesari #IsroPerGarvHai #ISROSpotsVikram #Delhi #Modi #Prithviraj,9,Manchester,positive,0.0
249,249,872,09-09-19 10:22,Prachi_VB,Tweet,Wud Beautiful moment India,4,"MH, India",positive,1.0
250,250,876,09-09-19 10:22,Abhishe0893,Retweet,# #Save cutt #ISRO #AG,5,,positive,0.0
251,251,878,09-09-19 10:22,OneindiaBengali,Tweet,#ISRO #Lander,2,India,positive,0.0
252,252,882,09-09-19 10:22,avnisuri,Tweet,Lander Vikram hard landing single piece tilted position #ISRO,9,Delhi,negative,0.3779761904761905
253,253,883,09-09-19 10:22,thatsTamil,Tweet,#isro #twitter # #,4,India,positive,0.0
254,254,886,09-09-19 10:23,InvestmentBaba,Retweet,REAL STORY #Chandrayan #ISRO #IndiaMoonMission #IndiaOnTheMoon #Modi #ModiHug #VikramLanding #Chandrayan #ProudIndian,11,,positive,0.30000000000000004
255,255,890,09-09-19 10:23,MohdIsrailKha10,Retweet,PM #ISRO #Chandrayan,3,Bhopal,positive,0.0
256,256,899,09-09-19 10:23,MohdIsrailKha10,Retweet,Failure opposites success part success #SaturdayMotivation Indian proud Sivan amp Scientists team #Chandrayan #ISRO #VikramLander #IndiaOnTheMoon #Moonmission #IndiaOnTheMoon #ProudIndian Jai hind,21,Bhopal,positive,0.325
257,257,903,09-09-19 10:23,SureshBBadiger1,Retweet,communication lost Every single person India feel heartbeat #chandrayaan hear whisper us first succeed try try,16,"Dharwad, India",positive,0.2738095238095238
258,258,916,09-09-19 10:23,TarkeshwarTewar,Tweet,See genius talking,3,,positive,0.0
259,259,923,09-09-19 10:23,parkash_nitin,Tweet,Hahahaha,1,"Sikar, India",positive,0.5
260,260,928,09-09-19 10:23,EfslEminence,Tweet,Moments decade happened India Proud #isro,6,Mumbai,positive,1.0
261,261,929,09-09-19 10:23,john1966olsen,Retweet,#ISRO Honorable Prime Minister Shri Narendra Modi address nation ISRO Control Centre today September hrs IST,16,Denmark - Copenhagen North,positive,0.0
262,262,933,09-09-19 10:23,sMbajpai214,Retweet,Vikram lander safe says #ISRO Watch Live,7,"Kanpur,INDIA",positive,0.5
263,263,936,09-09-19 10:23,dev_discourse,Tweet,#Japan lauds #ISRO #Chandryaan moon mission,6,National Capital Region,positive,0.0
264,264,940,09-09-19 10:23,sapnakhatri_16,Retweet,#ISRO #VikramLander # #ISROweareproudofyou,4,"Himachal Pradesh, India",positive,0.0
265,265,941,09-09-19 10:23,SimplyShil,Tweet,Humour Uniform #NagpurCityPolice style #VikramLander #ISRO,6,,positive,0.0
266,266,942,09-09-19 10:23,TechMagnetIN,Tweet,position #VikramLander #ISROSpotsVikram #IsroPerGarvHai #ISROweareproudofyou #ISROMissions #KSivan #isro #vikramPragyanLandsMoon,9,India,positive,0.0
267,267,953,09-09-19 10:23,RajeshKothuri,Retweet,us #ISRO #IndiawithISRO #ProudOfISRO,4,,positive,0.0
268,268,954,09-09-19 10:23,Pratik_j008,Tweet,Vikram Lander crashed still one piece isro confirms billion hopes prayers works bl people waiting Restoring connection Lander #ISROSpotsVikram #Prayerworks #ISRO,21,"Ahmadabad City, India",positive,0.0
269,269,961,09-09-19 10:24,FTeachersfront,Tweet,Chandrayaan Vikram lander safe claims #ISRO,6,"Phagwara, India",positive,0.5
270,270,971,09-09-19 10:24,Charanj49621730,Retweet,ISRO #ISRO #ISROweareproudofyou #IsroPerGarvHai #VikramLander #vikramPragyanLandsMoon #Sivan #ISROChief #VikramLanderFound,9,"Shastri Nagar, Ghaziabad",positive,0.0
271,271,972,09-09-19 10:24,Bird_watch_,Tweet,Eureca,1,Pakistan,positive,0.0
272,272,983,09-09-19 10:24,SAMRAT_universe,Tweet,INDIA OFFICIALLY BECOME FIRST NATION GO MOON SOUTH POLE #ISRO,10,,positive,0.3333333333333333
273,273,984,09-09-19 10:24,Mani_Prometheus,Retweet,Good news store #Chandrayaan losing hope #ISRO continued make efforts establish link #VikramLander #ISROSpotsVikram,14,"Andhra Pradesh, India",positive,0.6000000000000001
274,274,989,09-09-19 10:24,saroorfiction,Retweet,Trolling #ISRO great ever thought #SUPARCO run BS pass army General wasting millions dollars every year absolute zero output,19,,positive,0.7166666666666667
275,275,994,09-09-19 10:24,AdvocateEmraan,Retweet,#Chandrayaan Twitterati Hail #ISRO Lander #Vikram Location Found,8,"Himachal Pradesh, India",positive,0.0
276,276,1000,09-09-19 10:24,shakkuiyer,Tweet,know appreciate,2,,positive,0.0
277,277,1008,09-09-19 10:24,ruchi_vs,Retweet,#ISRO #Chandrayaan #Moonmission #Vikram,4,Haridwar,positive,0.0
278,278,1012,09-09-19 10:24,gounderrocks,Retweet,#ISRO #MamtaBanerjee,2,,positive,0.0
279,279,1029,09-09-19 10:25,Kishangupta38,Retweet,ISRO ISRO #ISRO,3,"Rajasthan, India",positive,0.0
280,280,1035,09-09-19 10:25,Rstiwari20,Retweet,Success report #VikramLander found #ISRO trying communicate,7,"Santa Clara, CA USA",positive,0.0
281,281,1037,09-09-19 10:25,bhupeshgautam,Retweet,#ISRO #ISROSpotsVikram #VikramLanderFound,3,"Rajasthan, India",positive,0.0
282,282,1044,09-09-19 10:25,eshan_kop911,Retweet,Mr Prime Minister please show pride towards scientists allotting funds towards science education #ISRO #Chandrayan,15,Pune,positive,0.0
283,283,1046,09-09-19 10:25,satyaprakashak,Tweet,#Chandryaan CM #ISRO,3,‡§≠‡§æ‡§∞‡§§‡§µ‡§æ‡§∏‡•Ä,positive,0.0
284,284,1048,09-09-19 10:25,OnneGuy,Tweet,POG,1,"Minnesota, USA",positive,0.0
285,285,1067,09-09-19 10:25,GlobalHindu2020,Tweet,Monumental hard work #ISRO Scientists Engineering go vain #Chandrayaan become fascinating story space exploration recorded history Destiny writing script #ISROSpotsVikram,20,Global,positive,0.6958333333333333
286,286,1070,09-09-19 10:25,cpraghav,Tweet,Fake account,2,‡§≠‡§æ‡§∞‡§§,negative,1.0
287,287,1076,09-09-19 10:25,achyutaghosh,Tweet,#funding success ratio space tech #Isro would right #Chandrayaan #MissionMoon #ThinkdigitalthinkIndia #Chandrayaan Landing,13,"Noida, India",positive,0.26785714285714285
288,288,1077,09-09-19 10:25,RSYadav87757277,Retweet,#vikramlanderlandsmoon #ISRO,2,,positive,0.0
289,289,1093,09-09-19 10:25,tv9kannada,Tweet,Chandrayaan Lander Vikram Good Shape amp Tilted Position ISRO Video Link #Chandrayaan #LanderVikram #ISRO #KannadaNews #TV Kannada,17,"Bengaluru, INDIA",positive,0.6000000000000001
290,290,1098,09-09-19 10:26,virendraatuni,Retweet,#isro #,2,,positive,0.0
291,291,1099,09-09-19 10:26,neerja_tiwari,Retweet,#ISRO continue take pride endeavours India space program promising future eagerly wait next mission would embark upon #Chandrayaan,18,"Mumbai, India",positive,0.20833333333333331
292,292,1101,09-09-19 10:26,MaulikPatel_96,Retweet,#Proud u Isro #Chandrayaan #ISRO,5,"‡§ó‡•Å‡§ú‡§∞‡§æ‡§§, ‡§≠‡§æ‡§∞‡§§",positive,1.0
293,293,1102,09-09-19 10:26,bijendra125,Retweet,# #ISRO #IsroPerGarvHai #,4,India,positive,0.0
294,294,1104,09-09-19 10:26,smemaxx_india,Tweet,#Indian #MSMEs contributed components #ISRO #Chandrayaan Indian industry partners primarily MSMEs #space #satellite sector working ISRO sub contractors vendors Read #PSLV #GOCO #spacetechnology #SME,24,"Mumbai, India",positive,0.5
295,295,1112,09-09-19 10:26,UpliveO,Tweet,failure gives proper perspective success #isro #chandrayaan #ISRO #upliveindia #upliveevent #uplive,11,,negative,0.13333333333333333
296,296,1115,09-09-19 10:26,BishnoiJassi,Tweet,noticed accounts name Kailasavadivoo Sivan operational many Social media clarify Dr K Sivan Chairman ISRO personal accounts official accounts #ISRO please see,22,Hisar Haryana,positive,0.2888888888888889
297,297,1119,09-09-19 10:26,BolBolAurBol,Retweet,India becomes first country land Southern pole Moon Big Congratulations Team #ISRO Hope communicate #VikramLander soon,16,,positive,0.14444444444444446
298,298,1122,09-09-19 10:26,jaysureshnaidu,Tweet,Every true genius bound naive Friedrich Schiller #Genius #Excellence #IndianVillages,10,"Bengaluru, India",positive,0.825
299,299,1123,09-09-19 10:26,diginitydiapers,Tweet,Extremely elated proud ISRO mission land south pole moon Chandrayaan fills us honor first endeavor helps us believe far away achieving goal India first moon walk #vikramlander #chandrayaan #isro,29,"J 30 & 31, Sector 63, Noida - 201301 India",positive,0.7333333333333334
300,300,1128,09-09-19 10:26,pallavidsharma1,Tweet,Vikram spotted one piece come #ISRO entire country waiting #Chandrayan science emotion #ISROSpotsVikram #IsroPerGarvHai #vikramPragyanLandsMoon #ISROweareproudofyou,16,Proud Indian,positive,0.625
301,301,1130,09-09-19 10:26,AAPgeeta16J,Retweet,Camera,1,"New Delhi, India",positive,0.0
302,302,1135,09-09-19 10:26,zoyaali76587923,Retweet,big salute hardworking scientists entire nation proud #ISRO,8,,positive,0.5750000000000001
303,303,1139,09-09-19 10:26,megarajan7,Tweet,#shivraj Office one page traveling #ISRO name please check one,10,"Tamil Nadu, India",positive,0.0
304,304,1141,09-09-19 10:26,zoyaali76587923,Retweet,India proud u #ISRO #VikramLander #Chandrayaan,6,,positive,1.0
305,305,1163,09-09-19 10:26,vivekbarnwal360,Tweet,sad Indians creating fake accounts K Sivan followers disrespecting nation dude #Chandrayaan #isro #vikramPragyanLandsMoon #VikramLander #ISROweareproudofyou #ISROSpotsVikram,17,"Kolkata, India",negative,1.0
306,306,1165,09-09-19 10:26,BaratPrasad,Tweet,mam dont waste time saying thing God give brain every thinking ability think take wise decision fault,17,,positive,0.45
307,307,1167,09-09-19 10:26,BishnoiJassi,Tweet,noticed accounts name #KailasavadivooSivan operational many Social media clarify Dr K Sivan Chairman #ISRO personal accounts official accounts ISRO please see,21,Hisar Haryana,positive,0.2888888888888889
308,308,1168,09-09-19 10:26,OutManagers,Retweet,#ISRO contribute money ISRO want contribute donate share money future projects satisfaction less amount somany people interested seeing Chandran soft landing feel also want part,25,,positive,0.26041666666666663
309,309,1172,09-09-19 10:27,singhpawanveer,Tweet,#ISRO #chandrayaan,2,India,positive,0.0
310,310,1181,09-09-19 10:27,SitanshuDesai,Retweet,neither failer setback pause sure communication establish back next days Proud u,12,India ( Gujarat ) ,positive,0.4722222222222222
311,311,1191,09-09-19 10:27,Govind1603,Retweet,Thank #ISRO #Chandrayaan,3,"Mumbai, India",positive,0.0
312,312,1198,09-09-19 10:27,ruchikaoct,Retweet,proud tears karmyogi share pain temporary setback trust hope billion Indians Keep going #KSivan #Chandrayaan #ISRO #ProudOfISRO,17,,positive,1.0
313,313,1201,09-09-19 10:27,vikrantkanwar,Tweet,Proud #isro,2,"Punjab, India",positive,1.0
314,314,1203,09-09-19 10:27,BoldskyTelugu,Tweet,#insync #pulse #isro # #,5,India,positive,0.0
315,315,1208,09-09-19 10:27,itsme_chandni,Retweet,#NDTV #ISRO,2,India,positive,0.0
316,316,1213,09-09-19 10:27,zoyaali76587923,Retweet,PROUD #ISRO #Chandrayaan #ProudOfISRO #ProudIndian #VikramLander #IndiaMakesHistory,7,,positive,1.0
317,317,1217,09-09-19 10:27,latestly,Tweet,ISRO Clarifies Fake Twitter Accounts Impersonating K Sivan Man Behind Chandrayaan Mission Surfaces Social Media Read full report #ISRO #KSivan #Chandrayaan,21,"Mumbai, India",negative,0.5791666666666666
318,318,1220,09-09-19 10:27,4loanz,Retweet,# #ISRO # #isrorocks,4,Mumbai,positive,0.0
319,319,1222,09-09-19 10:27,fizahashmig,Tweet,latest Fiza Hashmi Daily #chandrayaan #isro,6,"Gurgaon, Haryana",positive,0.45
320,320,1229,09-09-19 10:27,PunamTh79125700,Tweet,watching live coverage n cry saw kid disappointed n sad face really emotions us victory yet achieved,17,"Ranchi, India",negative,0.6125
321,321,1234,09-09-19 10:27,paamgroup,Tweet,Plywood Formwork Panels #Manufacturer #successful carving #niche superior #Quality shuttering plywood Phone Website #Manufacturing #industry #AkshayKumar #ISRO #Builders #India #construction #wood,21,,positive,0.925
322,322,1244,09-09-19 10:28,RAJVAL0408,Retweet,MW Pakistan #FawadChaudhary #ISRO #Chandrayaan,5,,positive,0.0
323,323,1245,09-09-19 10:28,UpliveO,Tweet,failure gives proper perspective success #isro #chandrayaan #upliveindia #upliveevent #singing #uplive,11,,negative,0.13333333333333333
324,324,1259,09-09-19 10:28,kanimozhi,Tweet,Entire nation prayers #ISRO Wake #Vikram Time rock,8,Utah USA,positive,0.625
325,325,1262,09-09-19 10:28,pratikchhatbar,Retweet,Incredible effort #ISRO team Keep going Step step #Chandrayaan #GradatimFerociter,10,"Durham, NC",positive,0.9
326,326,1263,09-09-19 10:28,BhattNaturally1,Tweet,Nation Landed Moon st Attempt India Proud Scientists #Chandrayaan #Chandrayaan #Chandrayaan theMoon #Chandrayan landing #vikramPragyanLandsMoon #VikramLanderFound #ISROweareproudofyou #ISRO #IsroScientists,19,Earth For Now...,positive,1.0
327,327,1265,09-09-19 10:28,farah_al_tarf,Tweet,India next Moon shot bigger pact Japan India News Times India #isro,12,,positive,0.25
328,328,1277,09-09-19 10:28,Aji17287783,Retweet,#ISRO Spotted Lander Vikram thermal images moon surface one Piece Titled #ISROSpotsVikram #VikramisSafe,13,"Idukki Township, India",positive,0.0
329,329,1291,09-09-19 10:28,VasudhaMS,Retweet,losing hope continues make efforts restore link lander Vikram Read #ISRO #isromissions #Chandrayaan,13,california ,positive,0.0
330,330,1292,09-09-19 10:28,nedricknews,Tweet,#ISROSpotsVikram #Chandrayaan #ISROweareproudofyou #IsroPerGarvHai #ISROMissions #ISRO,6,"Noida, India",positive,0.0
331,331,1316,09-09-19 10:28,Im_hardy00,Retweet,ISRO Read #TV News #GujaratiNews #Chandrayaan #ISRO,7,,positive,0.0
332,332,1319,09-09-19 10:28,Megha_p12,Retweet,NASA located #VikramLander moon left Zoomed view right #ISROSpotsVikram #VikramLanderFound #ISRO #IsroPerGarvHai #Indian,13,India,positive,0.26785714285714285
333,333,1320,09-09-19 10:28,mithlm88,Retweet,talking contribution #ISRO taking photos ISRO scientists amp workplaces sells Images thousands rupees serious issue #NDTVWithPakistan,16,"Bengaluru,Cosmos",negative,0.6666666666666666
334,334,1322,09-09-19 10:28,bisne_pratik,Tweet,NASA appreciating #isro effort Jai Hind,6,"Nagpur, India",positive,0.0
335,335,1327,09-09-19 10:29,Megha_p12,Retweet,proud u #Chandrayan #ISRO,4,India,positive,1.0
336,336,1328,09-09-19 10:29,raajsharma1011,Retweet,# # #ISRO # # #,6,India,positive,0.0
337,337,1329,09-09-19 10:29,CHHOTU97,Retweet,BEST NEWS DAY #VikramLander Land Moon #Chandrayan SUCCESS Congrats amp Indians wait signal amp happen soon #ProudOfISRO #ISROSpotsVikram #Chandrayaan #ISRO #IndiaOnTheMoon #IndiaMakesHistory,22,India,positive,0.15
338,338,1330,09-09-19 10:29,indiatvnews,Tweet,FAKE ALERT follow K Sivan Twitter ISRO clarifies ISRO Chairman social media #KSivan #ISRO #ISROSpotsVikram #VikramLanderFound,16,India,negative,0.5333333333333333
339,339,1336,09-09-19 10:29,raajsharma1011,Retweet,#Liberals rush spread new lies #NarendraModi hug #ISRO chairman entire #India praises PM gesture proud amp PM Jee #IsroPerGarvHai #ISROweareproudofyou,20,India,positive,0.6931818181818182
340,340,1340,09-09-19 10:29,raajsharma1011,Retweet,# #ISRO # # OHRC # #IsroPerGarvHai,7,India,positive,0.0
341,341,1345,09-09-19 10:29,Sweetybjym,Retweet,# # #ISRO #Chandrayaan,4,"Patna, India",positive,0.0
342,342,1348,09-09-19 10:29,AgrawalSadhuram,Tweet,#modiinrussia #ModiHaiToMumkinHai,2,Bangalore,positive,0.0
343,343,1349,09-09-19 10:29,Sheenagupta98,Tweet,Dear haters Vikram lander safe,5,"New Delhi, India",positive,0.5
344,344,1353,09-09-19 10:29,parthtoliya1,Retweet,Lander Vikram Spotted #ISRO Proud #ISROSpotsVikram,6,,positive,1.0
345,345,1355,09-09-19 10:29,Ashnikbiz,Tweet,Keep inspiring us ISRO Indian Space Research Organisation love #ISRO #Chandrayaan #Moon,12,Singapore,positive,0.8
346,346,1357,09-09-19 10:29,vishaltiwari89,Tweet,#isro #VikramSarabhai #,3,New Delhi/ Patna/ Arrah,positive,0.0
347,347,1365,09-09-19 10:29,Bhavik24716038,Retweet,Men woman higher positions expected rightly keep mature graceful disposition even times adversaries called civil decorum emotional strength,18,,positive,0.4371428571428572
348,348,1368,09-09-19 10:29,donatio_in,Tweet,#Donatio helps raise fund Click #donatewithconfidence #ngo #ngoregistration #onlinefundraisingplatform #raisemoneyonline #getdonationonline #onlinedonation #donationfornonprofit #onlinefundraising #donatemoneytochildren #RETWEEET #ISRO,17,"Noida, India",positive,0.0
349,349,1369,09-09-19 10:29,gwanile,Tweet,Kaun hai ye log kaha se aatey hai,8,"Dimapur,  Nagaland",positive,0.0
350,350,1372,09-09-19 10:29,Majhie_Mee_Dhan,Tweet,Isro Vikram kuthe aahes tu Vikram Isro Vikram beta kahi tari bol Vikram Isro Vikram Ganpati Bappa Morya Vikram Mangal Murti Morya #ISROweareproudofyou #ISROSpotsVikram #ISRO #DhanOriginal,26,Varshu Heart Forever,positive,0.0
351,351,1383,09-09-19 10:29,fox5r,Retweet,#ExpressExplained would perfectly healthy spacecraft suddenly stop communicating Expert Explains #Chandrayaan #ISRO,12,India,positive,0.5
352,352,1390,09-09-19 10:29,GalJammuDi,Tweet,#ISRO statement noticed accounts name #Kailasavadivoo #Sivan operational many Social media clarify Dr K Sivan Chairman ISRO personal accounts official accounts ISRO please see,24,,positive,0.2888888888888889
353,353,1401,09-09-19 10:30,ThatSindhiCM,Tweet,Chandrayaan lander Viram found one piece ISRO working restore communication link #Chandrayaan #ISRO #Chandrayaan Landing #ISROMissions #VikramLander #VikramLanderFound,18,India,positive,0.0
354,354,1404,09-09-19 10:30,NitishKaliaLive,Tweet,Chandrayaan lander Vikram spotted tilted position proud watch every Indian supportive ISRO country moment #ISRO #Chandrayaan #VikramLanderFound,17,India,positive,1.0
355,355,1421,09-09-19 10:30,TeamKFOfficial,Tweet,#ISRO #india #Chandrayaan #Kashmir #KashmirFirst #KashmirWantsFreedom #Mother #Terrorism #ModiKillingKashmiris,9,Pakistan,positive,0.0
356,356,1431,09-09-19 10:30,NewzHook,Tweet,United States America also commended India latest moon mission said ISRO mission huge step forward India #USA #ISRO #Chandrayaan #moonmission #India,21,"Mumbai, India",positive,0.9
357,357,1446,09-09-19 10:30,Ravinder_Jalali,Tweet,Lol,1,kashmir,positive,0.7
358,358,1449,09-09-19 10:30,RangarajPandeyR,Retweet,#isro,1,Chennai,positive,0.0
359,359,1450,09-09-19 10:30,vikas19461550,Tweet,Great news #VikramLander located amp efforts r establish contact congratulate scientists amp ji sustained efforts towards success whole nation keenly following amp full confidence scientists amp hon ble PM ji,30,"Navi Mumbai, Maharashtra",positive,0.36
360,360,1451,09-09-19 10:30,ksmsundaram1975,Retweet,Ayurveda science aware research Sweeping statement homeopathy treatments crappy ignorant unscientific pre existing bias reporting science unscientific,17,"Mumbai, India",positive,0.25
361,361,1454,09-09-19 10:30,Deshmuk32063075,Tweet,ISRO Vikram Lander ISRO Please respond Lander ISRO Hello Lander ISRO Pakistan ki Lander Maa ka Bh #VikramLanderFound #ISRO #LanderVikram,20,,positive,0.0
362,362,1455,09-09-19 10:30,apolina_de,Tweet,Jai Hind Sir Infact Point Sir Indians proud #ISRO earlier today also never killed hope still Salute hard work amp diligence ISRO,22,‡§≠‡§æ‡§∞‡§§,positive,0.5104166666666666
363,363,1458,09-09-19 10:30,jaydeepmakasan1,Tweet,Another Big News Vikram Spotted one piece come #ISRO Entire country Waiting #ISROSpotsVikram #ISROweareproudofyou,14,"ahmedabad,Gujarat",positive,0.3625
364,364,1461,09-09-19 10:30,RangarajPandeyR,Retweet,Short News Monday Morning News #ISRO,6,Chennai,positive,0.3
365,365,1463,09-09-19 10:30,Ganeshgaitondy,Retweet,# #PK #Chandrayaan Live #IsroPerGarvHai #ISRO,6,Guchi ki dukan pe,positive,0.5
366,366,1464,09-09-19 10:30,yogeshv,Tweet,Really Good one must watch,5,Hell,positive,0.6000000000000001
367,367,1468,09-09-19 10:30,SachdevaShubh,Tweet,malala ignores everything #PakistanAirForce #Pakistani #Islamabad #imrankhanPTI #ImranKhan #Isro #Chandrayaan,10,"Punjab, India",positive,0.0
368,368,1469,09-09-19 10:30,HeyHeyRaam,Tweet,mofo nationalists July year salaries #isro scientists cut #shamelessbjp,9,"Varanasi, India",positive,0.0
369,369,1477,09-09-19 10:31,PerfectSrinivas,Retweet,Soft crashed Landing Landing comms may Vikram reached least explored section moon Like gravity varies poles earth moon variations upto still landed first attempt single piece Amazing work #ISRO #ISROSpotsVikram,30,,positive,0.4395238095238095
370,370,1479,09-09-19 10:31,StanHopekook,Retweet,# ISRO Vikram Lander ISRO Please respond Lander ISRO Hello Lander ISRO wish could love Lander SARANGHAE #VikramLanderFound #ISRO #LanderVikram #IndiaOnTheMoon #IsroPerGarvHai #BTS #MOONCHILD,24,Bangtan Universe,positive,0.6
371,371,1489,09-09-19 10:31,karthickpratha2,Tweet,waiting,1,"Sholinganallur, India",positive,0.0
372,372,1500,09-09-19 10:31,SekarAK45,Tweet,Oh Nagaichuvai,2,"Chennai, India",positive,0.0
373,373,1502,09-09-19 10:31,roseBlack2254,Retweet,Tamil folks miss background song video perfectly syncs video,9,,positive,1.0
374,374,1510,09-09-19 10:31,JaiKuma51375605,Retweet,Modi ji stands scientist camera #MissionHeadlineManagement #MHM Keep good work sir nation really proud #Chandrayaan #Isro #Sivan #PMModi #IndiaOnTheMoon #VikramLander #ISROweareproudofyou #NASA,22,,positive,0.8
375,375,1514,09-09-19 10:31,Im_RKT,Retweet,proud India Scientists #ISRO Despite st attempt v reached km close communication broke Infact Orbiter #Chandrayaan operating successful failure rather v reached closet South Pole st attempt,27,"New Delhi, India",positive,0.75
376,376,1531,09-09-19 10:31,Ashka9,Retweet,Soft crashed Landing Landing comms may Vikram reached least explored section moon Like gravity varies poles earth moon variations upto still landed first attempt single piece Amazing work #ISRO,29,India,positive,0.4395238095238095
377,377,1533,09-09-19 10:31,prameshjain12,Retweet,#chandrayaan #VikramLander,2,,positive,0.0
378,378,1549,09-09-19 10:32,alekh_tiwari,Retweet,#Chandrayaan Landing # #Chandrayan #VikramLander #ISRO #Chandrayan,7,,positive,0.0
379,379,1551,09-09-19 10:32,IamAasima,Retweet,#PrimeMinisterImrankhan #Pakistan annoyed #FawadChaudhary remarks #Chandrayan #ISRO conveyed displeasure advised amend conduct,12,,negative,0.8
380,380,1555,09-09-19 10:32,TheNikhilMohite,Tweet,Chandrayaan lander Vikram broken lying tilted position Isro official Clinging Hope resist sepration #Chandrayaan #ISROweareproudofyou #ISRO,16,Wherever I'm at,negative,0.4
381,381,1560,09-09-19 10:32,sree17oct,Tweet,Hope never dies,3,,positive,0.0
382,382,1567,09-09-19 10:32,Prashanth1237,Tweet,Hope toppled bit uneven floor somebody go amp place moon recommend RAHUL GANDHI suitable make right please plan export,19,Hindustan,positive,0.4952380952380953
383,383,1574,09-09-19 10:32,TSureshe,Retweet,#ISRO # #ISRO #,4,‡§Ü‡§∞‡•ç‡§Ø‡§æ‡§µ‡§∞‡•ç‡§§,positive,0.0
384,384,1579,09-09-19 10:32,StanHopekook,Retweet,amazing India #Chandrayaan Landing nearby birthdays Moonchild Moonwalker #PCAs #TheMusicVideo #BoyWithLuv # #VikramLanderFound #ISRO #LanderVikram #IndiaOnTheMoon #IsroPerGarvHai #BTS #MOONCHILD,19,Bangtan Universe,positive,0.9
385,385,1581,09-09-19 10:32,chakma_simanta,Tweet,success next time give salute Indian scientists amp family #ISRO,10,,positive,0.0
386,386,1587,09-09-19 10:32,neharikasharmaa,Tweet,Hoping good news #Chandrayaan #VikramLanderFound,5,"Noida, India",positive,0.6000000000000001
387,387,1589,09-09-19 10:32,ram_nagireddy,Retweet,#vikramPragyanLandsMoon receiving thermal Images #Vikram say landed successfully lands Moon surface Congratulations #ISRO INDIANS become first Nation land near South pole MOON,22,"Bobbili, India",positive,0.561111111111111
388,388,1594,09-09-19 10:32,angshuman_in,Tweet,Yes user changed name account,5,,positive,0.0
389,389,1596,09-09-19 10:32,sunil28474739,Retweet,#ProudToBeIndian #ISRO #ProudOfYouISRO,3,,positive,0.0
390,390,1600,09-09-19 10:32,RutujaD5,Retweet,#VikramLander Located #ISRO confirms lander safe attempts made establish communication #Chandrayaan #ProudOfISRO detail visit,14,,positive,0.5
391,391,1606,09-09-19 10:33,ashokshuklaa,Retweet,#ISRO Insurance Insurance,3,,positive,0.0
392,392,1621,09-09-19 10:33,viveksi05720368,Tweet,simpal statment #isro withch understand Dear #indiaTv,7,"Navi Mumbai, India",positive,0.0
393,393,1622,09-09-19 10:33,ayeshkapur,Tweet,Nothing like failure science experiment gain Massive respect scientists #ISRO worked relentlessly days nights nation proud JAI HIND #CHANDRAYAAN,19,"Mumbai, India",positive,0.7666666666666666
394,394,1623,09-09-19 10:33,raajsharma1011,Retweet,#Chandrayaan #Chandrayan #Scientists #ISRO,4,India,positive,0.0
395,395,1631,09-09-19 10:33,Abhishe57757218,Retweet,#ISRO First set beautiful images Earth captured #Chandrayaan #VikramLander Earth viewed #Chandrayaan LI Camera August UT,16,,positive,0.6666666666666666
396,396,1632,09-09-19 10:33,jdb2711,Tweet,Vikram lander spotted #ISRO #ISROweareproudofyou #IsroPerGarvHai #Chandrayaan,7,"Gujarat, India",positive,0.0
397,397,1633,09-09-19 10:33,Anasmalik13,Retweet,#WorldLiteracyDay #ISRO #ISROChief #KSivan #ProudOfISRO,5,"Lucknow, India",positive,0.0
398,398,1634,09-09-19 10:33,alekh_tiwari,Retweet,#Chandrayan # #VikramLander #ISRO #Chandrayaan Landing,6,,positive,0.0
399,399,1636,09-09-19 10:33,nithikd,Retweet,#VikramLander located around away original landing site moon trying make contact Lander #ISRO #Chandrayaan #VikramLanderFound #IndiaOnTheMoon,16,"Manjeshwar, India",positive,0.75
400,400,1656,09-09-19 10:34,sam11_pearl,Retweet,#Chandrayaan located Although contact win mission entire nation Chief #KSivan new Vinkat Kapoor ladies gentlemen #VikramLander #ISRO #TheMartian #MoonLanding #Sivan #SivanSuperman #WeAreNotWorthy,22,,positive,0.4931818181818182
401,401,1673,09-09-19 10:34,avntwitt,Tweet,Please respond #ISROSpotsVikram #isro #VikramLanderFound,5,‡§®‡§Ø‡§æ ‡§≠‡§æ‡§∞‡§§ ,positive,0.0
402,402,1685,09-09-19 10:34,lav_kumar_dubey,Retweet,#India amp proud great teams #ISRO scientists made world leader #SpaceScience amp practices glad followed Live broadcast together many people India amp around world Getting got great success,28,India,positive,0.6428571428571429
403,403,1690,09-09-19 10:34,Sneha_Chicken,Tweet,proud ISRO #ISRO #Chandrayaan #VikramLander #SnehaGroup #SnehaSelect #SnehaFreshChicken,8,,positive,1.0
404,404,1691,09-09-19 10:34,kam_rank,Tweet,pls take note,3,Mumbai,positive,0.0
